code	state	2020-01-22	2020-01-23	2020-01-24	2020-01-25	2020-01-26	2020-01-27	2020-01-28	2020-01-29	2020-01-30	2020-01-31	2020-02-01	2020-02-02	2020-02-03	2020-02-04	2020-02-05	2020-02-06	2020-02-07	2020-02-08	2020-02-09	2020-02-10	2020-02-11	2020-02-12	2020-02-13	2020-02-14	2020-02-15	2020-02-16	2020-02-17	2020-02-18	2020-02-19	2020-02-20	2020-02-21	2020-02-22	2020-02-23	2020-02-24	2020-02-25	2020-02-26	2020-02-27	2020-02-28	2020-02-29	2020-03-01	2020-03-02	2020-03-03	2020-03-04	2020-03-05	2020-03-06	2020-03-07	2020-03-08	2020-03-09	2020-03-10	2020-03-11	2020-03-12	2020-03-13	2020-03-14	2020-03-15	2020-03-16	2020-03-17	2020-03-18	2020-03-19	2020-03-20	2020-03-21	2020-03-22	2020-03-23	2020-03-24	2020-03-25	2020-03-26	2020-03-27	2020-03-28	2020-03-29	2020-03-30	2020-03-31	2020-04-01	2020-04-02	2020-04-03	2020-04-04	2020-04-05	2020-04-06	2020-04-07	2020-04-08	2020-04-09	2020-04-10	2020-04-11	2020-04-12	2020-04-13	2020-04-14	2020-04-15	2020-04-16	2020-04-17	2020-04-18	2020-04-19	2020-04-20	2020-04-21	2020-04-22	2020-04-23	2020-04-24	2020-04-25	2020-04-26	2020-04-27	2020-04-28	2020-04-29	2020-04-30	2020-05-01	2020-05-02	2020-05-03	2020-05-04	2020-05-05	2020-05-06	2020-05-07	2020-05-08	2020-05-09	2020-05-10	2020-05-11	2020-05-12	2020-05-13	2020-05-14	2020-05-15	2020-05-16	2020-05-17	2020-05-18	2020-05-19	2020-05-20	2020-05-21	2020-05-22	2020-05-23	2020-05-24	2020-05-25	2020-05-26	2020-05-27	2020-05-28	2020-05-29	2020-05-30	2020-05-31	2020-06-01	2020-06-02	2020-06-03	2020-06-04	2020-06-05	2020-06-06	2020-06-07	2020-06-08	2020-06-09	2020-06-10	2020-06-11	2020-06-12	2020-06-13	2020-06-14	2020-06-15	2020-06-16	2020-06-17	2020-06-18	2020-06-19	2020-06-20	2020-06-21	2020-06-22	2020-06-23	2020-06-24	2020-06-25	2020-06-26	2020-06-27	2020-06-28	2020-06-29	2020-06-30	2020-07-01	2020-07-02	2020-07-03	2020-07-04	2020-07-05	2020-07-06	2020-07-07	2020-07-08	2020-07-09	2020-07-10	2020-07-11	2020-07-12	2020-07-13	2020-07-14	2020-07-15	2020-07-16	2020-07-17	2020-07-18	2020-07-19	2020-07-20	2020-07-21	2020-07-22	2020-07-23	2020-07-24	2020-07-25	2020-07-26	2020-07-27	2020-07-28	2020-07-29	2020-07-30	2020-07-31	2020-08-01	2020-08-02	2020-08-03	2020-08-04	2020-08-05	2020-08-06	2020-08-07	2020-08-08	2020-08-09	2020-08-10	2020-08-11	2020-08-12	2020-08-13	2020-08-14	2020-08-15	2020-08-16	2020-08-17	2020-08-18	2020-08-19	2020-08-20	2020-08-21	2020-08-22	2020-08-23	2020-08-24	2020-08-25	2020-08-26	2020-08-27	2020-08-28	2020-08-29	2020-08-30	2020-08-31	2020-09-01	2020-09-02	2020-09-03	2020-09-04	2020-09-05	2020-09-06	2020-09-07	2020-09-08	2020-09-09	2020-09-10	2020-09-11	2020-09-12	2020-09-13	2020-09-14	2020-09-15	2020-09-16	2020-09-17	2020-09-18	2020-09-19	2020-09-20	2020-09-21	2020-09-22	2020-09-23	2020-09-24	2020-09-25	2020-09-26	2020-09-27	2020-09-28	2020-09-29	2020-09-30	2020-10-01	2020-10-02	2020-10-03	2020-10-04	2020-10-05	2020-10-06	2020-10-07	2020-10-08	2020-10-09	2020-10-10	2020-10-11	2020-10-12	2020-10-13	2020-10-14	2020-10-15	2020-10-16	2020-10-17	2020-10-18	2020-10-19
AK	Alaska	0	0	0	0	0	0	0	0	0	0	0	0	0	0	0	0	0	0	0	0	0	0	0	0	0	0	0	0	0	0	0	0	0	0	0	0	0	0	0	0	0	0	0	0	0	0	0	0	0	0	0	1	0	0	0	2	2	3	3	2	5	12	4	7	15	2	27	17	12	5	13	11	14	14	14	5	23	13	9	11	11	15	5	8	8	7	9	5	5	2	8	6	2	2	0	1	5	6	4	0	9	1	3	2	1	1	2	3	1	1	0	4	0	0	5	0	0	0	12	1	0	2	4	0	1	2	1	13	5	4	26	7	20	18	8	11	12	8	19	10	20	17	15	29	7	3	12	20	12	13	21	11	6	2	29	24	20	18	29	21	36	38	39	46	47	27	28	18	42	46	55	62	94	60	40	52	62	41	62	79	75	92	89	62	56	90	186	98	107	68	81	111	146	144	61	53	54	35	53	77	98	63	45	60	84	110	83	103	50	62	67	82	68	89	64	69	33	52	79	118	90	44	37	34	65	102	120	93	83	33	35	63	121	92	103	61	75	41	48	105	107	85	93	70	44	68	128	122	113	114	116	125	102	124	125	144	188	208	139	126	127	177	249	255	191	151	142	153	226	211	220	202
AL	Alabama	0	0	0	0	0	0	0	0	0	0	0	0	0	0	0	0	0	0	0	0	0	0	0	0	0	0	0	0	0	0	0	0	0	0	0	0	0	0	0	0	0	0	0	0	0	0	0	0	0	0	0	5	2	4	18	10	12	27	28	25	26	39	46	139	136	70	107	131	74	88	73	173	262	119	151	187	217	159	375	244	270	346	171	219	122	270	226	141	176	191	238	276	239	194	0	395	118	211	162	176	206	317	277	224	325	254	355	339	283	221	275	300	236	401	272	301	97	315	290	676	236	382	447	361	508	664	382	498	501	328	593	678	136	85	221	315	656	457	425	497	567	856	865	891	1014	657	640	400	894	796	547	472	433	643	967	1142	977	900	358	1734	870	917	1149	1754	997	1091	925	907	1177	2212	1334	1439	1640	1958	1710	1812	2021	2003	2143	1777	1880	1467	1455	2399	1793	2125	1164	1821	1251	1416	1980	1961	1626	2095	1217	1041	952	1938	1709	1872	1161	1686	831	935	771	752	1271	853	571	1357	1117	971	1183	900	528	1650	532	2012	1769	1162	1704	1346	823	1558	623	1046	1108	1410	511	659	633	811	1148	1138	943	1109	704	701	927	670	1106	1301	798	818	804	569	1053	2452	933	730	662	571	1147	1043	954	1682	789	544	764	941	557	1490	1061	816	734	1117	784	1185	1212	1288	964	859
AR	Arkansas	0	0	0	0	0	0	0	0	0	0	0	0	0	0	0	0	0	0	0	0	0	0	0	0	0	0	0	0	0	0	0	0	0	0	0	0	0	0	0	0	0	0	0	0	0	0	0	0	0	0	0	9	3	0	0	0	1	58	38	22	43	27	27	61	55	46	28	17	47	50	61	59	61	39	94	38	71	54	119	52	57	52	130	88	71	51	75	49	37	192	17	286	323	211	101	90	68	58	66	88	56	35	65	54	34	86	92	44	0	265	31	121	72	130	97	115	181	54	110	80	455	154	163	147	107	151	97	261	239	236	240	190	375	249	358	226	450	325	314	340	288	448	731	548	406	416	274	415	322	703	511	419	522	595	697	687	678	570	508	439	520	420	878	547	587	605	439	259	734	806	751	1061	503	572	873	485	817	648	771	695	699	728	591	1013	990	732	642	824	734	787	791	752	662	637	787	784	912	735	1011	772	572	645	383	685	670	626	0	673	412	410	729	549	887	547	375	320	480	649	722	838	795	478	368	273	615	969	1094	515	687	350	294	385	398	1107	1799	509	408	870	722	992	871	1078	563	641	617	982	1086	897	809	487	807	706	942	1124	958	746	488	417	641	809	1265	1167	908	613	654	680	1079	1278	1015	883	644	531
AS	American Samoa	0	0	0	0	0	0	0	0	0	0	0	0	0	0	0	0	0	0	0	0	0	0	0	0	0	0	0	0	0	0	0	0	0	0	0	0	0	0	0	0	0	0	0	0	0	0	0	0	0	0	0	0	0	0	0	0	0	0	0	0	0	0	0	0	0	0	0	0	0	0	0	0	0	0	0	0	0	0	0	0	0	0	0	0	0	0	0	0	0	0	0	0	0	0	0	0	0	0	0	0	0	0	0	0	0	0	0	0	0	0	0	0	0	0	0	0	0	0	0	0	0	0	0	0	0	0	0	0	0	0	0	0	0	0	0	0	0	0	0	0	0	0	0	0	0	0	0	0	0	0	0	0	0	0	0	0	0	0	0	0	0	0	0	0	0	0	0	0	0	0	0	0	0	0	0	0	0	0	0	0	0	0	0	0	0	0	0	0	0	0	0	0	0	0	0	0	0	0	0	0	0	0	0	0	0	0	0	0	0	0	0	0	0	0	0	0	0	0	0	0	0	0	0	0	0	0	0	0	0	0	0	0	0	0	0	0	0	0	0	0	0	0	0	0	0	0	0	0	0	0	0	0	0	0	0	0	0	0	0	0	0	0	0	0	0	0	0	0	0	0	0	0
AZ	Arizona	0	0	0	0	1	0	0	0	0	0	0	0	0	0	0	0	0	0	0	0	0	0	0	0	0	0	0	0	0	0	0	0	0	0	0	0	0	0	0	0	0	0	0	0	1	2	0	0	2	3	0	0	3	0	6	2	7	18	23	36	48	83	91	75	107	157	108	146	238	132	124	183	173	250	250	191	115	151	292	94	281	149	163	104	155	273	274	213	209	135	188	217	299	273	241	248	191	230	254	446	314	395	276	284	381	402	238	581	434	159	264	353	480	458	495	497	279	263	368	330	442	276	429	324	198	289	454	559	595	786	678	193	1135	1092	530	1553	1012	1538	689	618	1556	1415	1772	1621	1046	1138	2341	1752	2508	3465	3217	2464	2008	3779	1812	3091	3378	3465	3796	625	4683	4877	3340	4427	2695	3536	3352	3639	3520	4057	4221	3038	2537	1357	4273	3257	3259	3910	2742	2359	1559	3500	1926	2335	3357	3740	1973	1813	2107	2339	2525	3212	2992	1465	1030	1008	1698	1453	1397	1054	816	600	1214	706	1351	927	933	883	468	915	637	723	619	996	208	311	859	186	680	519	629	374	174	507	519	1092	728	836	250	197	81	496	461	521	605	384	213	484	698	1753	1282	609	470	230	595	438	568	515	459	411	273	674	323	705	551	636	355	316	864	604	863	683	894	597	475	684	901	1113	738	973	690	748
CA	California	0	0	0	0	2	0	0	0	0	1	0	0	3	0	0	0	0	0	0	0	1	0	1	0	0	0	0	0	0	0	2	0	0	0	0	0	1	0	1	0	9	4	10	16	8	22	14	6	43	34	43	60	91	1	184	143	131	178	234	169	239	462	429	467	901	769	431	753	1292	1078	1177	1380	1226	821	2197	990	1327	1546	813	1371	636	1083	1134	1455	1297	991	1480	1354	920	2255	1794	1872	2209	1794	1013	1191	1413	1192	2583	1383	1896	1321	1556	981	2572	2160	1532	1652	2772	1028	1729	1651	1818	2073	1822	2032	1441	1352	2246	2254	2038	2225	2283	1505	2401	3022	1579	2742	2825	3257	2056	2782	2482	2159	2820	3589	2823	2051	3159	2865	3034	3724	3220	3375	2315	3377	3235	3837	4335	3729	4381	3414	6108	6712	4547	5088	5732	3848	4795	8159	7772	7263	7869	3964	2381	11786	6354	12977	8548	9924	8401	7876	5782	8814	12854	8674	9821	8553	7486	6161	10964	11435	11981	9487	9412	6267	5836	5833	12641	14151	8021	7622	6057	5562	4676	9834	3921	10733	5475	7574	5358	14485	4715	12430	6608	15117	4893	5879	5542	8725	9134	4993	6633	5535	4845	6281	5471	5972	4817	5564	4653	3913	6524	3142	5664	4737	4644	4652	3542	2109	3379	2946	3671	3944	4028	2795	3406	3070	3117	3716	4454	3822	2855	3928	2969	3371	3080	4144	3791	2439	2821	2943	3461	3090	3808	3508	3192	2794	2695	3726	3342	3806	3334	2780	2723	3397	3894	2944	3105	2361	2078	3953
CO	Colorado	0	0	0	0	0	0	0	0	0	0	0	0	0	0	0	0	0	0	0	0	0	0	0	0	0	0	0	0	0	0	0	0	0	0	0	0	0	0	0	0	0	0	0	2	6	0	0	4	5	17	15	29	25	33	25	22	33	62	86	111	120	128	189	175	343	308	323	247	319	339	376	386	445	392	385	233	246	226	547	311	380	414	389	254	330	395	372	393	290	382	361	418	387	978	712	473	438	437	442	526	509	432	410	283	449	465	538	457	548	328	176	278	318	363	394	401	305	264	280	315	394	296	477	210	82	296	202	353	491	486	280	199	211	272	300	255	233	153	182	164	151	148	175	195	113	169	143	229	230	286	161	191	165	188	262	324	317	226	284	204	204	314	323	260	254	199	192	407	452	408	666	400	322	323	450	469	571	618	444	354	424	493	639	615	667	809	547	229	749	482	408	605	458	460	241	426	594	448	457	431	336	378	402	315	463	319	300	338	194	261	270	329	0	653	259	198	459	193	350	430	267	183	201	351	244	268	0	699	285	213	187	240	264	307	414	417	374	412	587	459	605	606	501	542	654	616	547	709	584	569	411	535	511	682	679	657	521	461	654	730	862	834	1023	819	576	1048	692	1142	1312	1139	933	1072
CT	Connecticut	0	0	0	0	0	0	0	0	0	0	0	0	0	0	0	0	0	0	0	0	0	0	0	0	0	0	0	0	0	0	0	0	0	0	0	0	0	0	0	0	0	0	0	0	0	0	0	0	1	2	2	6	12	1	17	27	28	63	35	0	133	88	203	257	137	279	233	469	578	557	429	267	1090	362	399	1231	875	0	2003	754	972	525	1346	608	766	1129	925	741	412	1853	545	2109	631	836	647	686	728	315	455	933	1064	523	0	686	648	374	789	627	573	570	211	568	522	609	621	618	716	697	314	587	191	432	382	446	405	430	0	271	203	260	179	539	239	112	148	221	358	150	124	87	168	114	228	305	94	147	114	80	11	117	158	40	27	117	14	81	65	147	97	59	152	58	74	71	0	0	259	57	75	101	78	0	0	223	20	106	114	143	0	0	162	41	127	9	544	0	0	207	94	463	130	140	0	0	252	48	115	20	75	0	0	247	117	22	76	115	0	0	370	0	59	118	87	0	0	492	29	180	130	145	0	0	384	127	102	101	156	0	0	0	417	89	222	233	0	0	569	136	135	220	141	0	0	497	136	155	157	115	0	0	560	182	221	192	555	0	0	823	121	123	384	290	0	0	1339	320	164	167	802	0	0	1191
DC	District of Columbia	0	0	0	0	0	0	0	0	0	0	0	0	0	0	0	0	0	0	0	0	0	0	0	0	0	0	0	0	0	0	0	0	0	0	0	0	0	0	0	0	0	0	0	0	0	0	0	0	0	0	0	0	0	0	22	0	9	9	31	27	4	18	21	46	44	40	33	38	59	94	91	67	104	145	100	95	114	229	83	137	118	97	80	103	139	153	126	190	127	134	171	108	155	167	171	142	51	102	112	217	335	139	219	154	152	139	193	245	203	170	117	96	99	152	135	171	81	147	164	117	237	105	73	144	115	109	72	86	46	179	84	56	29	130	104	79	70	63	57	85	63	52	65	55	58	32	19	29	56	49	32	36	38	36	34	31	26	31	32	44	35	38	25	45	12	35	33	54	73	37	64	58	46	59	40	80	50	39	79	67	78	88	102	42	78	68	63	78	87	54	58	69	79	69	39	85	45	75	71	64	100	54	89	63	65	94	41	61	53	52	29	55	60	65	56	49	45	0	110	57	74	34	33	57	28	58	51	52	41	36	47	25	25	81	0	99	30	65	56	47	62	50	53	23	43	29	56	57	52	35	14	36	26	32	65	50	46	28	105	0	113	78	75	66	38	46	64	34	89	79	36	25
DE	Delaware	0	0	0	0	0	0	0	0	0	0	0	0	0	0	0	0	0	0	0	0	0	0	0	0	0	0	0	0	0	0	0	0	0	0	0	0	0	0	0	0	0	0	0	0	0	0	0	0	0	1	0	3	2	0	2	8	3	11	9	6	11	12	36	15	11	33	51	18	32	55	49	25	57	143	80	110	145	188	93	117	153	146	133	168	88	56	247	221	0	207	186	269	108	134	134	458	128	413	80	79	184	120	170	80	83	407	161	172	166	0	288	176	211	271	150	174	123	199	168	157	192	143	0	280	156	101	30	75	65	186	76	107	80	27	34	27	72	97	30	48	36	50	67	56	35	76	63	41	55	112	70	94	45	27	42	91	37	74	135	150	98	36	221	192	73	132	165	121	48	69	121	91	61	75	90	81	64	223	92	90	105	122	46	132	278	0	115	116	70	126	87	99	89	72	106	82	159	69	80	57	73	59	65	66	202	373	56	55	85	57	50	75	52	58	67	47	20	24	0	107	266	0	86	106	14	104	99	140	151	206	59	0	158	93	167	123	88	200	97	84	48	83	117	101	94	69	117	138	71	104	129	142	82	174	150	188	118	120	103	84	132	145	171	132	159	105	71	95	164	218	151	103
FL	Florida	0	0	0	0	0	0	0	0	0	0	0	0	0	0	0	0	0	0	0	0	0	0	0	0	0	0	0	0	0	0	0	0	0	0	0	0	0	0	0	0	1	1	0	1	0	4	3	3	2	9	6	20	26	24	1	89	116	126	132	199	241	223	185	270	675	543	863	483	1227	1268	215	2052	1260	1269	813	974	1221	911	908	1167	963	1401	1124	609	883	832	1416	733	822	745	810	440	1339	885	306	693	606	710	345	497	1038	735	615	819	542	563	826	371	802	595	386	941	479	808	928	673	777	854	502	527	1204	776	676	740	879	509	379	651	1212	927	739	667	617	1317	1419	1305	1270	1180	966	1096	1371	1698	1902	2581	2016	1758	2783	2610	3207	3822	4049	3494	2926	3286	5511	5004	8942	9585	8530	5266	6093	6563	10109	9488	11458	10059	6336	7347	9989	8935	11433	10360	15300	12624	9194	10181	13965	11466	10328	12478	10347	9440	9785	10249	12444	12199	9344	8892	9230	9446	9956	9007	9642	7104	4752	5446	5409	7650	7686	8502	6229	4155	5831	8109	6236	6148	6352	3779	2678	3838	4115	4555	4684	4311	2974	2258	2673	3220	3269	3815	3197	2583	1885	7569	2402	3571	3198	3656	2564	1838	1823	2167	2472	3650	3190	2423	1736	3116	2355	3255	3204	3573	2521	1685	2470	2590	2541	2847	2795	1882	738	3266	1948	2628	2660	2787	1868	1415	2251	2582	3306	2908	0	5570	1533	2725	2883	3356	3449	4044	2539	1707
GA	Georgia	0	0	0	0	0	0	0	0	0	0	0	0	0	0	0	0	0	0	0	0	0	0	0	0	0	0	0	0	0	0	0	0	0	0	0	0	0	0	0	0	0	2	0	0	1	2	0	5	7	6	8	11	31	26	22	25	51	90	198	70	66	151	254	221	278	475	366	285	157	1121	709	710	483	329	487	667	1508	1079	665	919	674	293	863	1263	409	682	1525	475	632	1106	474	1333	669	608	731	264	816	620	853	489	1225	842	334	786	547	745	875	563	407	992	422	922	503	550	795	440	367	704	572	946	862	819	760	660	498	583	655	628	615	450	732	839	305	687	965	762	738	539	599	752	731	993	810	1021	877	733	664	952	882	1097	1800	892	1227	1882	1571	1714	1900	1990	2225	2207	1874	2951	3467	2784	2826	2197	1548	3406	3420	2837	4490	3184	2534	3637	3391	3875	3449	3905	4688	3249	2453	3406	3314	4305	4813	3768	2765	2890	4209	3271	3963	4066	3660	3165	2258	2513	3765	3182	4109	4423	3169	2429	3563	3565	2515	3227	3273	1862	1831	2816	2305	2759	2889	2592	1727	2304	2101	2236	2484	2298	2386	1215	1498	2226	1916	2675	2066	2194	1651	608	1543	1950	1823	1658	2124	1409	1023	1657	2062	1847	1951	2167	1134	1184	955	1867	1537	816	1359	812	596	1025	1720	1333	1275	1535	756	789	936	1492	1265	1625	1237	1140	902	993	1297	1640	1609	1534	1174	752
GU	Guam	0	0	0	0	0	0	0	0	0	0	0	0	0	0	0	0	0	0	0	0	0	0	0	0	0	0	0	0	0	0	0	0	0	0	0	0	0	0	0	0	0	0	0	0	0	0	0	0	0	0	0	0	0	0	3	0	2	7	2	1	12	2	3	5	8	6	4	1	2	11	8	5	2	9	19	1	8	0	7	2	3	0	0	0	2	0	1	0	0	0	0	0	3	2	0	0	0	0	0	4	0	0	0	0	0	4	0	2	0	0	0	1	0	0	2	0	0	0	0	0	11	0	0	1	0	1	3	1	1	0	0	3	0	2	2	0	0	0	0	1	0	3	0	0	0	2	1	2	4	8	22	0	0	3	1	5	16	0	0	6	4	10	13	0	0	0	21	2	4	2	1	0	0	2	0	1	1	0	0	0	5	0	11	7	0	0	0	12	2	3	2	0	0	12	7	14	8	14	0	0	7	0	31	0	28	25	0	0	75	22	0	105	63	0	0	140	77	136	112	55	0	0	108	52	47	66	59	0	0	0	94	45	88	17	0	0	64	39	47	32	29	0	0	73	43	45	28	23	0	0	0	157	45	0	0	129	0	136	65	50	66	55	0	0	181	96	75	86	111	0	0	218
HI	Hawaii	0	0	0	0	0	0	0	0	0	0	0	0	0	0	0	0	0	0	0	0	0	0	0	0	0	0	0	0	0	0	0	0	0	0	0	0	0	0	0	0	0	0	0	0	0	1	0	0	2	0	0	0	2	2	2	2	5	10	11	0	17	3	34	1	4	11	43	0	26	29	20	32	63	32	20	16	23	0	32	0	23	34	5	7	13	6	11	33	6	4	2	6	4	5	4	1	1	2	4	5	1	1	0	1	4	1	3	0	2	1	2	1	3	0	1	1	1	0	1	2	4	0	1	0	0	0	1	3	2	2	1	0	1	0	2	9	9	2	1	6	3	7	14	17	5	8	0	8	18	27	0	25	2	3	16	16	15	6	27	1	17	9	20	29	24	24	7	41	23	36	28	42	20	23	21	28	19	23	20	27	12	25	17	55	59	71	63	28	46	108	124	122	86	45	206	143	172	151	201	231	152	140	118	202	354	231	282	217	173	134	260	235	228	284	244	169	215	276	306	264	309	200	133	181	338	211	271	220	162	104	66	98	169	167	129	112	79	65	102	159	112	109	77	56	63	167	90	112	127	98	87	87	120	105	86	133	70	50	83	108	101	154	71	101	42	61	99	90	89	96	82	37
IA	Iowa	0	0	0	0	0	0	0	0	0	0	0	0	0	0	0	0	0	0	0	0	0	0	0	0	0	0	0	0	0	0	0	0	0	0	0	0	0	0	0	0	0	0	0	0	0	0	0	3	5	5	1	3	0	1	5	0	15	6	1	24	21	15	19	22	33	56	63	38	88	73	50	67	85	88	82	77	100	99	125	118	122	77	123	189	96	146	191	181	389	257	482	107	176	521	647	384	392	508	467	302	739	759	532	528	408	293	655	398	214	288	414	539	377	386	374	279	323	304	341	324	550	322	406	353	306	146	666	217	371	287	308	147	320	281	506	348	324	234	295	230	389	347	377	367	209	156	97	281	401	413	222	467	183	323	132	772	344	356	447	325	229	440	745	204	598	456	241	395	471	630	918	486	752	221	235	670	814	553	410	500	530	378	487	588	638	452	471	339	232	695	662	468	540	430	182	326	605	723	481	495	384	246	356	452	400	874	818	382	382	372	322	1010	798	665	450	463	697	1201	2681	1340	784	987	540	708	616	1228	1053	946	525	322	482	576	863	941	806	471	388	657	931	552	1635	965	606	597	611	1253	1120	1040	877	716	633	978	1012	1181	1054	819	443	516	545	1288	1564	1224	1161	901	510	969	1482	1152	1690	952	636	726
ID	Idaho	0	0	0	0	0	0	0	0	0	0	0	0	0	0	0	0	0	0	0	0	0	0	0	0	0	0	0	0	0	0	0	0	0	0	0	0	0	0	0	0	0	0	0	0	0	0	0	0	0	0	0	1	1	2	0	4	1	14	13	6	0	26	13	10	55	59	29	47	59	175	51	210	115	131	56	23	69	40	22	122	42	11	19	38	9	114	22	46	13	4	64	30	70	34	17	10	0	55	0	32	31	46	0	45	21	31	20	0	27	25	30	33	0	58	0	68	0	36	0	51	0	89	0	31	0	0	73	71	0	33	36	0	94	0	57	121	28	0	50	32	39	0	93	0	46	0	63	170	111	128	133	2	250	0	148	463	0	457	0	430	365	253	223	401	376	363	319	487	430	460	500	577	397	501	316	729	685	619	550	571	394	555	499	415	528	561	352	514	528	454	568	474	394	0	560	566	472	693	524	572	178	429	494	536	495	542	304	181	281	384	359	430	254	295	186	212	408	306	342	263	292	190	223	272	311	263	266	281	190	74	240	322	317	333	217	112	253	278	283	396	470	288	244	410	446	396	491	523	539	205	422	511	614	513	677	464	262	458	660	671	673	662	613	365	597	584	645	718	1094	878	510	698
IL	Illinois	0	0	1	0	0	0	0	0	0	1	0	0	0	0	0	0	0	0	0	0	0	0	0	0	0	0	0	0	0	0	0	0	0	0	0	0	0	0	0	1	1	0	0	1	0	1	1	0	5	13	7	14	18	2	17	78	111	150	163	168	296	236	252	328	673	486	467	1105	460	938	986	715	1209	1453	902	1003	1291	1525	1344	1465	1293	1672	1173	1223	1345	1141	1844	1582	1197	1156	1546	2048	1830	2721	2119	2126	1980	2219	2256	2560	3137	2450	2994	2278	2112	2343	2639	2889	2325	1656	1266	4014	1673	3243	2432	2088	1734	2294	1545	2388	2270	2756	2352	2508	1713	1178	1111	1527	1622	1462	1343	974	1614	982	929	1156	975	867	658	797	625	766	595	673	672	473	623	546	593	692	634	658	462	601	715	894	857	786	646	738	724	828	869	868	862	639	614	1709	980	1018	1327	1195	954	883	707	1187	1257	1427	1276	965	1172	942	1611	1621	1600	1426	1541	1231	1074	1395	1772	1980	1639	1470	1298	1471	1759	1953	2103	2190	1382	1319	1549	1645	1834	2296	1828	1561	1773	1739	2296	1832	2293	2356	1893	1612	1681	2156	1707	2436	1880	1992	1666	1492	2128	1360	5594	2804	1413	1369	1392	1337	1953	2313	2120	1460	1372	1464	1943	2056	2223	2524	1402	1477	1533	1850	2256	2773	2441	1600	1709	1366	2272	2164	2456	2442	1453	1853	1617	2630	3094	3117	2905	2727	2740	2853	2866	4014	5106	3629	4245	3113
IN	Indiana	0	0	0	0	0	0	0	0	0	0	0	0	0	0	0	0	0	0	0	0	0	0	0	0	0	0	0	0	0	0	0	0	0	0	0	0	0	0	0	0	0	0	0	0	1	0	1	1	3	5	2	0	3	4	5	5	8	22	26	42	76	66	98	109	168	334	254	280	273	372	406	474	399	516	458	545	554	433	408	556	528	493	431	168	433	582	612	487	570	477	409	341	601	642	718	613	949	627	594	653	795	665	638	574	526	837	633	643	586	394	501	500	346	580	603	624	498	477	450	569	662	473	492	475	339	363	359	631	490	653	363	256	407	475	384	482	419	400	226	410	304	411	398	397	366	521	356	227	425	308	315	362	210	238	269	515	485	435	355	298	366	358	435	528	517	769	323	102	437	512	725	779	533	425	648	685	710	733	841	917	635	710	757	929	996	922	852	535	771	621	954	901	968	735	576	822	720	1040	1239	1033	1041	664	870	660	1043	1067	1044	739	591	841	489	941	1040	1000	615	1660	829	938	1145	809	1121	879	883	695	859	1104	1030	1077	843	590	386	705	758	1262	1056	1243	736	689	580	837	1037	1076	746	522	599	711	899	1171	1142	901	872	744	953	1157	1464	1419	1087	830	970	1281	1450	1816	1918	1570	1574	1549	1165	1943	2283	2482	1605	1584
KS	Kansas	0	0	0	0	0	0	0	0	0	0	0	0	0	0	0	0	0	0	0	0	0	0	0	0	0	0	0	0	0	0	0	0	0	0	0	0	0	0	0	0	0	0	0	0	0	0	1	0	0	0	3	2	2	0	3	7	4	13	13	9	8	19	16	34	38	34	60	64	42	62	51	68	76	69	53	98	63	134	70	1	158	69	46	51	63	111	115	91	84	143	116	167	390	238	176	142	196	179	187	574	221	251	271	227	265	345	339	335	162	122	208	81	278	187	181	53	14	350	50	154	118	284	37	58	121	74	92	80	291	28	10	220	45	127	75	139	55	45	138	65	141	73	150	47	81	218	92	233	109	268	76	39	292	109	393	177	355	155	230	362	161	460	172	657	252	170	557	222	472	453	518	384	294	664	242	462	468	571	305	303	660	273	552	475	598	455	281	514	254	533	294	479	228	279	561	350	474	361	520	326	199	521	285	629	387	546	855	0	729	260	545	488	988	493	270	888	315	1019	480	690	545	166	838	363	885	547	971	291	174	507	675	412	378	568	288	108	894	329	731	444	961	361	214	927	373	846	446	1133	228	221	1089	387	690	474	954	257	255	851	484	626	560	1213	325	264	1096	461	945	705	1040	473	245	1289
KY	Kentucky	0	0	0	0	0	0	0	0	0	0	0	0	0	0	0	0	0	0	0	0	0	0	0	0	0	0	0	0	0	0	0	0	0	0	0	0	0	0	0	0	0	0	0	0	1	0	0	3	1	3	2	4	2	2	3	5	2	22	14	23	16	20	39	35	50	54	79	58	41	149	4	138	0	147	38	0	194	0	192	352	0	270	55	30	162	225	87	185	253	90	154	174	101	300	136	170	71	219	162	171	174	0	251	115	577	112	195	159	152	0	237	176	0	372	219	244	0	247	134	98	119	140	145	0	0	380	126	108	279	240	0	342	139	225	295	272	310	0	189	231	176	62	221	279	0	202	0	348	202	257	176	120	89	302	222	254	242	308	65	115	277	218	237	297	0	0	776	367	400	326	427	449	268	264	570	454	406	522	579	977	253	646	480	607	785	832	318	504	525	616	659	765	572	462	323	689	544	513	542	782	404	272	539	1152	741	612	632	0	761	608	627	700	639	801	0	832	670	662	748	779	820	454	365	789	806	894	792	787	310	290	255	658	795	932	711	530	337	718	764	606	758	978	436	375	814	784	643	908	970	455	448	917	984	888	999	1274	616	541	1036	2393	868	1001	989	847	638	761	1322	1182	1311	1291	810	640
LA	Louisiana	0	0	0	0	0	0	0	0	0	0	0	0	0	0	0	0	0	0	0	0	0	0	0	0	0	0	0	0	0	0	0	0	0	0	0	0	0	0	0	0	0	0	0	0	0	0	0	0	0	5	14	10	48	10	28	81	61	135	145	226	74	335	216	407	509	440	571	225	485	1212	1187	2725	1148	2199	514	1857	1417	746	1253	970	761	581	421	502	433	581	586	462	348	595	331	404	481	401	372	261	295	218	374	341	710	429	200	333	323	403	253	203	562	183	215	235	612	827	348	280	315	277	329	278	1188	421	0	244	640	245	443	305	0	775	339	425	405	387	429	427	497	330	234	562	418	442	523	1288	336	553	534	928	0	0	870	393	461	1356	882	938	1354	0	1467	845	1014	2083	1383	1728	0	1937	1101	1936	1888	1843	2642	2167	1319	1705	2215	2089	2280	2179	0	3116	3186	1691	2771	2296	2084	0	3840	2343	1121	1735	1708	1799	0	3467	1099	3615	1482	1303	1500	0	2653	562	1164	1179	1135	1298	0	1181	567	640	778	918	899	0	1223	623	550	844	677	606	0	1624	326	689	956	813	822	0	1395	309	256	1522	464	755	0	1281	492	371	508	478	979	0	936	243	752	431	577	706	0	923	240	533	409	551	817	0	893	218	532	1053	524	257	0	1181	60	682	320	743	774	0	1143	201
MA	Massachusetts	0	0	0	0	0	0	0	1	0	0	0	0	0	0	0	1	0	0	0	0	0	0	0	0	0	0	0	0	0	0	0	0	0	0	0	0	0	0	0	1	0	1	2	8	14	44	19	5	14	22	29	61	73	68	149	248	259	278	387	322	286	608	718	748	935	941	657	523	1238	1264	1339	1279	1486	1163	981	1931	2024	1863	1987	2060	1301	933	2023	2879	2605	2392	2998	1489	1093	2692	2195	2711	2407	2284	1498	847	2132	2109	2191	2051	2086	1031	739	1882	1738	1705	1685	1457	692	395	1311	1453	1317	1316	1108	651	372	1320	1077	1029	978	883	400	316	215	884	710	651	537	285	170	514	454	469	382	340	152	154	365	351	266	239	263	105	84	239	210	259	261	180	97	83	230	196	215	214	208	142	73	208	227	227	234	109	67	115	250	253	231	275	246	126	102	302	237	318	246	245	135	94	293	291	290	302	282	184	143	385	356	351	354	353	152	121	381	324	347	382	325	182	102	380	307	313	369	361	176	121	382	397	343	361	300	165	110	413	404	401	377	376	203	157	450	404	404	0	212	438	366	229	171	181	403	440	554	286	254	313	306	429	454	599	359	256	173	543	481	488	569	592	430	512	532	754	761	672	644	515	495	535	444	765	639	563	760	749	580	587	767	584	730	828
MD	Maryland	0	0	0	0	0	0	0	0	0	0	0	0	0	0	0	0	0	0	0	0	0	0	0	0	0	0	0	0	0	0	0	0	0	0	0	0	0	0	0	0	0	0	0	0	3	0	2	0	3	1	3	6	9	0	18	18	25	22	42	44	51	46	59	76	158	192	220	244	174	247	326	345	427	367	492	428	326	1158	656	783	726	531	711	536	560	752	788	754	521	837	509	582	962	879	1150	815	906	626	736	893	1730	1001	989	946	709	1046	1211	1111	1049	1053	786	688	751	1091	1083	982	836	958	1784	777	1208	893	1071	818	839	535	736	1286	1279	1027	763	549	848	807	876	912	712	491	431	500	561	732	416	692	396	331	377	560	260	319	408	350	297	404	330	440	338	335	327	477	305	359	505	538	380	291	272	492	465	586	463	557	642	418	733	756	648	707	835	925	554	860	627	664	930	1288	694	1128	648	761	892	1169	1019	909	870	710	572	579	801	775	922	755	585	541	776	715	818	519	503	520	414	580	670	624	579	567	377	440	577	601	630	497	458	614	456	693	819	776	512	764	356	336	503	646	809	577	536	599	643	631	543	682	412	412	344	385	503	559	613	431	477	431	414	785	712	597	471	501	413	460	761	734	636	562	504	482	575	630	781	798	530	497
ME	Maine	0	0	0	0	0	0	0	0	0	0	0	0	0	0	0	0	0	0	0	0	0	0	0	0	0	0	0	0	0	0	0	0	0	0	0	0	0	0	0	0	0	0	0	0	0	0	0	0	0	0	1	2	0	0	15	9	9	17	4	14	19	18	11	24	13	13	43	42	22	28	0	73	56	24	14	29	20	18	23	26	30	17	65	37	35	26	31	20	20	8	13	19	30	28	0	50	8	17	16	39	28	30	32	20	21	28	76	44	34	28	26	15	38	50	38	45	39	26	28	78	58	71	65	42	19	35	28	52	37	56	43	24	28	41	28	36	42	46	18	18	31	30	54	36	36	17	9	17	42	35	25	19	14	25	21	53	32	52	37	28	34	41	34	45	24	18	8	17	20	26	13	21	19	19	8	12	20	38	9	42	24	12	0	15	20	33	24	18	6	28	22	24	25	21	12	7	17	5	17	12	16	7	1	18	19	27	28	24	29	16	22	18	33	32	18	21	12	20	25	22	56	22	15	20	19	50	15	0	50	18	13	0	47	32	42	29	41	14	23	21	40	32	43	29	40	24	44	20	24	29	13	37	52	39	38	18	35	25	21	38	35	27	30	25	32	28	36	18	29	49	25	24
MI	Michigan	0	0	0	0	0	0	0	0	0	0	0	0	0	0	0	0	0	0	0	0	0	0	0	0	0	0	0	0	0	0	0	0	0	0	0	0	0	0	0	0	0	0	0	0	0	0	0	0	0	2	1	21	12	9	31	14	69	155	157	154	506	323	488	526	564	816	1042	863	1050	1148	1766	1513	1991	1514	1533	1552	1824	1432	1221	982	1221	683	1439	1420	1102	822	1259	806	657	636	724	1356	1441	1485	459	751	494	1132	1213	1099	1046	900	623	301	566	824	674	758	506	410	545	632	556	1348	643	505	648	892	610	857	666	555	503	349	226	353	618	524	717	392	486	217	312	417	322	842	93	55	135	63	15	267	223	164	218	31	184	228	301	299	448	166	246	240	358	434	340	350	267	277	505	361	589	497	406	360	326	633	651	512	622	685	406	422	666	1049	926	754	745	530	527	664	671	701	641	550	1039	512	785	1016	807	793	758	426	616	801	718	763	814	721	535	580	907	476	1167	868	1058	477	490	653	689	527	0	1426	764	878	951	843	863	793	0	1390	499	795	648	774	1053	896	0	1212	499	970	974	1405	807	0	1229	689	766	980	778	587	0	1575	695	902	1078	1040	996	0	1329	1118	1194	998	984	1275	0	1455	1151	1215	1401	1323	1637	0	1943	1466	1593	2458	2206	1986	0	3018
MN	Minnesota	0	0	0	0	0	0	0	0	0	0	0	0	0	0	0	0	0	0	0	0	0	0	0	0	0	0	0	0	0	0	0	0	0	0	0	0	0	0	0	0	0	0	0	0	1	0	0	1	0	3	4	5	7	0	32	6	18	12	24	21	33	67	27	25	58	52	45	62	73	53	60	53	46	77	70	51	83	85	86	96	91	194	0	74	114	0	261	139	147	114	97	155	220	243	261	156	209	370	463	492	594	502	431	571	617	728	786	723	702	481	528	695	423	518	805	729	699	704	657	641	530	805	840	728	742	645	504	483	584	659	660	358	300	362	403	707	521	385	338	299	346	447	479	377	299	222	189	414	379	356	436	453	307	242	294	360	493	417	516	312	442	413	494	414	0	512	433	564	456	574	604	804	710	491	398	572	605	666	457	734	903	350	504	760	767	803	862	650	478	666	745	771	725	759	613	602	617	861	545	916	797	618	323	464	690	730	690	739	564	376	526	690	825	734	717	714	409	529	1154	850	1017	932	675	491	730	1038	843	914	707	638	383	260	381	467	872	723	638	402	462	909	1085	914	1296	925	480	678	912	1177	1470	1075	904	809	687	1066	1166	1421	1039	973	941	911	1271	1390	1516	1440	1171	1135	1369	1163	2290	1694	1722	1627
MO	Missouri	0	0	0	0	0	0	0	0	0	0	0	0	0	0	0	0	0	0	0	0	0	0	0	0	0	0	0	0	0	0	0	0	0	0	0	0	0	0	0	0	0	0	0	0	0	0	1	0	0	0	0	3	0	1	3	6	7	21	37	10	33	103	66	91	195	167	120	70	355	261	253	200	121	348	96	462	297	184	243	395	246	139	180	166	125	303	212	193	168	162	199	191	267	243	165	167	169	147	170	195	234	259	263	286	197	252	236	146	159	117	107	117	191	164	189	176	123	148	132	176	147	211	159	249	155	172	151	211	150	167	173	214	268	243	288	167	289	90	223	211	188	192	51	235	30	349	246	212	302	296	390	403	133	412	118	514	579	356	224	519	497	292	532	524	423	233	395	707	672	820	659	537	274	409	951	817	816	865	966	817	581	1092	1303	1563	1575	1399	1126	1329	1692	1761	2197	1477	1016	552	1030	1208	1192	1159	1064	184	1362	976	1081	1516	1473	1364	1211	1192	1029	830	1230	1068	1270	1329	831	814	793	1353	1471	1458	1496	1306	1161	1103	1478	1423	1589	1943	1321	914	775	1323	1234	1530	2022	1707	1281	1359	1216	1704	1833	1474	1306	1367	1075	1593	1356	1895	2050	1520	1239	266	184	191	4075	1649	1449	1295	953	1093	1567	2016	4679	256	216	205	4435	1868	2261	2185	1847	1482
MP	Northern Mariana Islands	0	0	0	0	0	0	0	0	0	0	0	0	0	0	0	0	0	0	0	0	0	0	0	0	0	0	0	0	0	0	0	0	0	0	0	0	0	0	0	0	0	0	0	0	0	0	0	0	0	0	0	0	0	0	0	0	0	0	0	0	0	0	0	0	0	0	0	0	0	2	4	0	2	0	0	0	0	3	0	0	0	0	0	0	2	0	0	1	0	0	0	0	0	0	0	0	0	0	0	0	0	0	0	0	0	1	0	0	1	0	3	0	0	0	0	2	0	0	0	0	1	0	0	0	0	0	0	0	0	0	0	0	1	1	2	0	0	1	1	2	0	0	0	0	0	0	0	0	0	0	0	0	0	0	0	0	0	0	0	0	0	0	1	0	0	0	0	0	0	0	0	2	0	0	3	0	1	0	0	0	1	0	0	0	0	2	0	0	0	2	0	0	2	1	1	0	0	1	0	1	0	1	0	0	0	1	0	0	4	0	0	0	0	0	0	0	0	0	0	0	2	0	0	1	0	0	0	1	0	1	0	0	0	0	1	0	1	0	0	1	0	6	0	1	0	0	0	0	1	0	0	0	0	3	0	0	0	2	0	0	0	0	2	0	0	0	0	3	0	6	0	0
MS	Mississippi	0	0	0	0	0	0	0	0	0	0	0	0	0	0	0	0	0	0	0	0	0	0	0	0	0	0	0	0	0	0	0	0	0	0	0	0	0	0	0	0	0	0	0	0	0	0	0	0	0	0	1	5	0	0	6	9	13	16	30	60	67	42	71	57	108	94	84	96	88	90	136	104	181	97	183	100	177	88	257	209	173	139	161	145	273	264	169	181	300	238	204	178	259	281	284	193	183	248	227	246	397	229	109	327	330	217	262	404	288	123	173	234	182	393	318	322	173	136	272	263	255	403	380	255	198	273	313	328	421	436	294	229	289	281	238	209	270	231	498	355	360	0	608	257	168	283	353	489	0	0	0	0	1688	569	526	1092	550	465	361	675	680	653	870	914	990	226	357	957	674	703	1031	797	868	393	862	1025	1230	1032	1017	792	1251	1635	1547	982	1532	1396	1173	627	1304	1719	1775	1168	1134	672	572	1074	1245	956	1036	1210	527	476	644	1081	612	944	825	381	276	795	1348	894	874	945	626	511	801	904	585	599	735	647	274	634	781	751	823	539	410	242	249	426	517	853	445	254	144	505	711	701	497	655	277	192	465	552	737	722	645	182	190	589	552	696	672	609	321	215	975	563	578	862	957	294	296	713	876	1322	1116	751	0	586
MT	Montana	0	0	0	0	0	0	0	0	0	0	0	0	0	0	0	0	0	0	0	0	0	0	0	0	0	0	0	0	0	0	0	0	0	0	0	0	0	0	0	0	0	0	0	0	0	0	0	0	0	0	0	1	4	1	0	2	2	1	9	7	7	0	17	14	25	19	20	25	17	27	10	33	2	22	21	13	20	13	22	11	12	10	7	5	5	11	7	4	7	0	4	2	3	2	1	3	1	2	0	2	0	2	0	2	0	0	0	2	0	0	1	2	1	0	4	2	0	2	1	7	1	0	0	0	0	0	2	4	8	12	10	4	4	2	14	2	0	5	3	6	7	2	10	15	13	8	5	16	25	11	32	19	17	9	23	37	26	23	11	56	48	49	67	45	39	45	37	78	44	95	127	84	81	85	109	144	135	135	105	62	87	91	101	97	129	221	82	39	94	202	138	151	116	112	40	81	115	173	155	132	63	65	87	164	139	134	118	91	42	54	110	116	144	160	53	60	135	161	144	134	188	89	81	88	182	180	148	145	100	52	65	87	195	122	140	96	86	137	187	216	224	292	136	130	271	212	330	322	343	200	306	311	347	429	355	501	279	212	500	716	614	722	718	585	423	486	599	723	662	630	596	569
NC	North Carolina	0	0	0	0	0	0	0	0	0	0	0	0	0	0	0	0	0	0	0	0	0	0	0	0	0	0	0	0	0	0	0	0	0	0	0	0	0	0	0	0	1	0	0	0	1	0	0	5	0	2	8	5	10	1	6	23	42	48	56	79	38	98	121	117	130	172	142	129	192	152	277	238	287	255	256	262	300	247	293	237	305	304	185	171	289	393	294	353	294	215	298	397	472	434	295	410	443	362	567	409	465	344	238	316	445	613	510	465	486	272	327	424	708	794	742	485	407	523	505	825	788	948	573	553	461	615	661	1136	1077	910	778	639	813	1232	1256	1317	950	1113	830	864	1277	1630	1497	1363	1091	962	868	1379	1619	1496	1299	1120	1028	1285	1375	1620	1770	1529	1333	1262	1895	1604	2075	1463	1411	1437	1393	1598	2002	2013	2271	1999	1824	2081	1937	2031	1966	2367	1796	1321	1915	1835	2452	2252	2051	1807	1591	2049	1608	2364	1951	1988	1402	1370	1580	1227	1953	1866	1786	1365	813	1335	1361	1777	1569	1597	1341	886	1257	1379	2049	1989	1790	1519	1217	1495	1394	2161	1987	1539	1695	1110	1392	1342	1952	1704	1657	1161	822	817	1065	1250	1690	1502	1104	823	1260	1366	1668	1548	1518	1138	819	1202	1124	1755	1709	1674	1225	792	1152	825	89	2266	1786	2202	610	2258	1504	1711	2428	2034	2321	1719	1276	1734	1926	2532	2684	2102	2303	1144
ND	North Dakota	0	0	0	0	0	0	0	0	0	0	0	0	0	0	0	0	0	0	0	0	0	0	0	0	0	0	0	0	0	0	0	0	0	0	0	0	0	0	0	0	0	0	0	0	0	0	0	0	0	0	1	0	0	0	0	2	3	13	7	2	0	2	6	9	6	17	26	4	11	13	20	17	14	13	21	18	12	14	18	9	15	15	23	10	24	28	0	135	57	42	17	35	30	39	55	64	75	49	42	34	40	46	38	34	41	57	48	54	39	27	27	53	76	65	49	87	52	31	63	101	134	88	48	53	39	0	17	42	39	34	23	48	21	33	27	39	71	45	19	21	40	39	36	42	22	21	23	42	27	33	25	37	25	7	42	31	28	37	37	44	37	39	42	65	57	37	33	49	73	100	84	88	91	108	51	72	103	124	115	112	107	81	160	126	121	122	140	110	155	86	74	168	133	58	125	148	124	120	150	181	88	117	172	85	201	151	122	143	60	135	186	274	232	262	140	124	229	238	333	310	374	218	114	184	267	362	344	361	297	170	71	238	333	241	467	426	254	233	269	390	507	377	351	286	264	473	470	434	495	344	259	418	445	372	476	440	416	312	502	493	527	655	588	637	472	508	703	706	864	744	717	659
NE	Nebraska	0	0	0	0	0	0	0	0	0	0	0	0	0	0	0	0	0	0	0	0	0	0	0	0	0	0	0	0	0	0	0	0	0	0	0	0	0	0	0	0	0	0	0	0	1	0	0	2	0	2	5	4	4	0	1	5	1	5	8	1	13	0	15	5	3	8	14	12	37	27	38	36	33	42	43	53	30	72	49	67	64	92	23	83	4	51	114	183	225	174	37	128	389	222	295	311	328	159	334	430	727	309	344	376	336	316	645	484	275	78	236	125	380	348	350	610	0	448	229	268	305	235	301	171	228	257	365	265	399	257	196	244	271	269	254	267	166	92	122	132	140	257	207	118	90	121	187	193	183	174	119	105	151	136	122	125	178	251	124	143	135	133	142	208	167	102	117	155	224	198	154	221	174	227	318	262	155	227	120	102	264	343	296	332	356	221	223	281	258	265	344	445	180	311	254	222	311	332	283	141	187	264	334	214	416	328	253	131	191	262	215	308	278	154	109	158	301	379	374	335	317	293	241	287	421	474	192	144	81	89	494	448	456	478	269	68	454	328	449	502	466	410	286	305	397	493	453	431	434	467	515	466	520	621	792	426	404	452	498	639	663	0	1828	495	457	704	924	961	1286	618	736	749
NH	New Hampshire	0	0	0	0	0	0	0	0	0	0	0	0	0	0	0	0	0	0	0	0	0	0	0	0	0	0	0	0	0	0	0	0	0	0	0	0	0	0	0	0	1	1	0	0	0	0	2	0	0	1	1	0	1	0	10	9	11	5	11	8	12	28	0	7	29	21	29	27	100	43	10	112	0	61	81	94	0	32	72	0	66	44	56	0	217	0	148	55	48	57	43	98	82	50	77	67	74	72	48	88	164	119	89	70	48	105	102	104	64	60	89	79	60	83	71	103	40	56	69	147	67	79	75	60	48	34	55	103	103	0	159	34	64	46	81	77	66	24	36	0	99	31	42	48	19	27	19	72	14	36	32	26	14	13	27	40	33	46	30	13	22	20	20	35	15	25	17	18	20	21	18	33	30	14	23	22	26	26	23	15	46	13	33	23	57	40	21	5	59	13	31	39	31	20	26	33	26	23	37	39	17	5	21	26	34	43	16	8	16	13	19	14	21	23	13	33	16	0	38	22	30	8	21	22	12	38	21	56	23	29	18	0	79	47	32	44	18	36	31	0	80	59	27	5	38	17	37	41	36	51	36	25	33	51	217	63	48	0	86	0	147	92	122	51	65	71	70	77	88	111	0	121
NJ	New Jersey	0	0	0	0	0	0	0	0	0	0	0	0	0	0	0	0	0	0	0	0	0	0	0	0	0	0	0	0	0	0	0	0	0	0	0	0	0	0	0	0	0	0	0	2	0	2	1	0	10	8	6	20	20	3	104	74	147	344	149	437	587	930	831	727	2474	1949	2299	2262	3250	2060	3559	3335	4305	4229	3381	3585	3326	3021	3590	3561	3563	3699	2734	4240	2206	4287	3150	2953	3881	3421	3665	3527	4111	2171	3302	3540	2150	2668	2509	2287	2538	2527	3027	1525	2324	1297	2101	1849	1557	1357	1452	711	643	1144	1280	1105	1415	1736	1116	1420	810	993	561	1014	938	672	864	557	1659	764	837	473	627	523	462	806	557	271	333	299	550	470	348	441	276	222	323	277	404	389	338	308	273	319	158	304	388	289	309	90	395	261	428	386	291	369	209	267	161	231	358	331	339	224	393	363	223	50	263	0	180	293	389	242	458	513	505	449	483	305	370	690	369	321	264	356	357	374	360	368	344	258	444	463	656	570	278	13	312	331	329	100	290	529	148	225	302	285	307	358	349	291	349	330	305	378	449	325	311	332	277	327	420	474	449	297	334	436	388	569	487	461	453	392	426	408	228	884	750	698	559	456	712	614	740	947	626	511	629	508	1298	865	864	751	469	988	938	971	810	934	909	1558
NM	New Mexico	0	0	0	0	0	0	0	0	0	0	0	0	0	0	0	0	0	0	0	0	0	0	0	0	0	0	0	0	0	0	0	0	0	0	0	0	0	0	0	0	0	0	0	0	0	0	0	0	0	3	2	5	3	0	8	2	5	7	7	13	2	26	17	13	0	23	72	29	0	78	12	46	117	16	118	62	108	27	44	216	10	154	17	83	139	0	113	201	47	126	0	239	169	142	139	66	99	149	239	198	102	219	118	181	107	153	202	180	105	85	206	143	152	139	159	185	91	158	96	125	155	153	0	318	83	104	122	112	129	131	65	111	224	116	213	319	128	140	122	43	145	117	159	95	102	122	88	132	88	107	170	135	129	144	152	202	216	211	190	173	165	129	244	256	287	193	251	220	290	234	298	224	255	263	223	327	297	318	280	235	244	302	311	335	312	313	254	460	289	345	252	212	196	220	114	210	226	207	192	150	200	129	199	173	171	173	142	106	92	79	170	202	144	207	94	146	64	126	188	122	136	105	69	108	152	200	90	146	59	37	37	87	161	134	98	100	81	81	118	158	151	162	67	104	107	197	237	263	205	152	141	172	278	226	339	296	181	155	315	425	384	485	481	261	379	351	577	668	812	573	445	514
NV	Nevada	0	0	0	0	0	0	0	0	0	0	0	0	0	0	0	0	0	0	0	0	0	0	0	0	0	0	0	0	0	0	0	0	0	0	0	0	0	0	0	0	0	0	0	1	1	0	2	0	0	3	3	8	2	0	25	10	0	40	66	0	29	55	33	45	97	116	90	294	92	102	165	184	51	228	113	98	171	135	197	266	0	134	154	144	77	3	310	102	102	102	107	144	127	190	141	195	0	121	113	119	195	141	83	158	30	81	114	65	251	0	32	161	163	28	229	80	136	112	35	292	12	125	1	355	75	101	93	98	128	141	111	74	156	93	178	180	182	178	147	229	173	255	231	293	204	114	368	171	315	355	452	264	288	469	365	497	381	1099	821	734	562	645	632	985	857	843	491	876	516	603	1004	930	845	832	1104	849	1447	1380	1182	1288	948	815	1129	1262	966	931	1027	988	1105	870	1018	1264	986	1131	994	980	649	729	976	886	811	742	548	528	602	1099	859	697	662	672	389	556	849	636	532	409	403	253	554	632	609	447	320	405	239	351	489	390	508	357	137	154	288	260	414	317	277	226	208	347	501	323	385	232	262	509	390	556	602	373	463	404	385	430	772	526	392	337	479	431	480	766	806	380	569	487	479	655	716	967	609	582
NY	New York	0	0	0	0	0	0	0	0	0	0	0	0	0	0	0	0	0	0	0	0	0	0	0	0	0	0	0	0	0	0	0	0	0	0	0	0	0	0	0	0	0	1	9	11	3	52	29	33	14	64	80	83	178	76	328	446	1100	1714	3439	2750	4781	5693	4797	5160	6556	7304	7699	7248	7015	9190	8095	8558	10481	10846	9327	8655	8060	11186	10718	10569	8678	8007	6716	7271	11434	9237	6906	6806	6148	5080	4865	4931	5033	8130	10553	5902	3951	3110	4585	4681	3942	4663	3438	2538	2239	2786	3491	2938	2715	2273	1660	1430	2176	2390	2762	2419	1889	1250	1474	1525	2088	1696	1772	1589	1249	1072	1129	1768	1551	1376	1110	941	1329	1045	1048	1075	1108	781	702	683	674	736	822	916	694	620	631	567	618	796	716	664	552	597	581	749	805	703	616	391	524	625	875	918	726	533	518	588	692	584	786	730	677	557	912	831	769	776	754	502	519	855	705	811	753	750	536	608	534	715	777	644	753	531	545	746	636	703	714	703	515	476	667	700	737	727	734	607	408	655	631	601	709	653	572	408	629	566	791	636	635	698	656	754	708	889	864	801	729	520	557	576	757	880	849	725	583	766	652	896	790	986	862	573	754	665	955	908	1005	866	834	1189	1000	1382	1598	1731	1222	933	1393	1360	1836	1592	1447	1143	1029	1393	1232	1460	1707	1784	1390	998
OH	Ohio	0	0	0	0	0	0	0	0	0	0	0	0	0	0	0	0	0	0	0	0	0	0	0	0	0	0	0	0	0	0	0	0	0	0	0	0	0	0	0	0	0	0	0	0	0	0	0	0	3	1	1	7	14	4	20	17	22	30	54	74	109	87	124	137	164	269	269	247	280	266	348	354	411	427	304	410	329	366	364	366	372	354	371	310	509	620	693	1115	1380	1317	806	392	577	475	418	385	353	444	534	724	716	592	579	560	495	607	555	885	681	384	696	473	471	636	597	520	449	531	498	484	731	627	614	503	566	529	433	476	651	467	480	471	366	442	490	476	353	365	361	325	413	429	420	427	297	428	434	412	700	609	530	547	729	590	632	892	987	817	854	737	743	1076	1301	1091	926	967	806	948	1277	1150	1525	1358	1378	1261	1142	1316	1290	1679	1541	1111	1236	1047	1527	1444	1560	1438	889	1104	1320	1396	1733	1533	928	944	932	1143	1199	1166	1204	1294	879	883	1095	1422	1178	1131	1117	613	775	848	971	1122	1043	1119	637	849	844	1089	1244	1296	1196	940	895	1451	1161	1345	1332	1341	773	778	656	973	1121	1240	1242	837	1079	1001	1033	1067	1011	951	762	856	685	903	991	1150	1115	800	993	1105	1080	1327	1495	1157	941	1057	1335	1424	1539	1840	1356	1291	1430	1447	2039	2178	2148	2234	1562	1837
OK	Oklahoma	0	0	0	0	0	0	0	0	0	0	0	0	0	0	0	0	0	0	0	0	0	0	0	0	0	0	0	0	0	0	0	0	0	0	0	0	0	0	0	0	0	0	0	0	0	1	0	0	1	0	1	0	1	0	6	7	0	27	5	4	14	14	25	58	84	74	55	52	52	87	153	160	109	171	93	75	145	52	160	108	74	102	99	115	79	94	108	0	102	113	127	87	123	104	73	60	27	129	63	145	130	103	121	72	83	75	128	94	66	99	24	119	126	105	124	150	73	88	91	43	148	169	111	77	53	48	91	44	65	80	0	155	119	113	102	100	52	91	55	158	120	143	223	224	158	186	228	259	451	352	331	478	218	297	479	438	399	299	301	228	582	362	412	538	579	283	431	858	674	603	595	687	456	511	994	1074	626	700	917	209	170	890	972	671	1147	965	1204	1400	1090	848	1117	747	1244	494	377	861	1101	837	854	825	486	397	765	670	705	794	901	544	369	601	611	746	1077	853	566	357	650	666	712	710	1093	766	614	665	720	909	1013	1147	420	613	833	876	771	942	1017	695	869	1091	970	1034	1249	1237	1003	1101	1164	1089	1083	1276	990	823	861	1025	980	1170	1190	1189	0	1234	1364	1006	1212	1524	1533	766	797	1309	1122	1221	1472	1160	831	774
OR	Oregon	0	0	0	0	0	0	0	0	0	0	0	0	0	0	0	0	0	0	0	0	0	0	0	0	0	0	0	0	0	0	0	0	0	0	0	0	0	0	1	0	2	0	0	0	0	3	8	0	0	5	5	6	6	0	3	27	9	13	26	23	24	30	19	56	50	100	63	69	58	84	46	90	73	0	169	0	64	49	140	1	49	156	57	49	30	73	49	59	66	47	47	55	68	50	76	58	43	31	61	64	69	56	45	79	80	77	73	79	92	68	58	72	58	63	62	71	11	64	39	75	16	47	24	39	22	18	71	48	45	54	58	59	33	64	75	96	0	92	260	66	72	177	140	0	259	184	278	120	148	206	178	187	146	191	170	124	250	276	247	144	171	275	363	342	294	300	165	210	212	371	266	397	319	268	367	276	428	293	347	430	268	292	254	320	391	388	266	330	320	313	410	361	325	280	269	333	279	246	411	375	262	216	286	248	278	313	405	244	189	225	194	295	256	289	227	218	236	180	190	293	239	261	159	233	129	261	265	255	188	146	166	115	183	211	291	181	0	325	188	210	282	257	202	194	318	190	362	449	267	239	174	297	218	353	301	348	259	279	290	295	482	410	398	331	212	313	380	365	410	380	217	262
PA	Pennsylvania	0	0	0	0	0	0	0	0	0	0	0	0	0	0	0	0	0	0	0	0	0	0	0	0	0	0	0	0	0	0	0	0	0	0	0	0	0	0	0	0	0	0	0	0	2	0	4	1	5	4	6	19	6	0	32	33	43	51	105	88	110	189	248	314	535	550	500	587	723	808	1046	1259	1302	1874	1145	1538	1726	1778	1669	1751	1668	1219	1354	1173	1288	1505	1630	1764	1250	1012	1335	833	2297	1829	945	1463	942	1579	1190	1644	1608	915	731	1591	1048	936	1156	1415	1189	1379	520	851	791	1004	1031	1049	515	969	642	815	1126	959	798	554	362	853	779	663	764	713	432	517	579	555	555	480	690	403	431	531	446	532	633	463	259	386	389	311	394	516	391	345	641	632	477	456	719	586	417	604	672	636	837	780	530	481	697	798	827	817	940	734	578	536	936	1003	806	1004	701	604	1021	1055	763	882	1187	823	630	1250	1088	856	868	980	681	565	861	830	722	801	781	637	647	909	795	902	987	827	799	539	577	600	658	787	725	743	519	525	556	519	633	869	795	558	661	753	984	1038	925	785	544	716	616	873	667	1007	932	549	816	1044	806	925	747	714	631	826	784	859	845	833	919	811	850	1586	919	945	1194	0	1888	975	1123	1303	1421	1381	1468	984	1038	1832	1284	1551	1679	1503	1086	1627
PR	Puerto Rico	0	0	0	0	0	0	0	0	0	0	0	0	0	0	0	0	0	0	0	0	0	0	0	0	0	0	0	0	0	0	0	0	0	0	0	0	0	0	0	0	0	0	0	0	0	0	0	0	0	0	0	0	0	0	5	0	0	0	9	7	2	8	8	12	13	15	21	27	47	65	47	30	0	136	23	38	60	47	63	42	63	109	6	20	51	69	25	50	95	39	46	0	164	0	31	64	18	11	33	106	36	182	51	35	81	44	63	125	17	25	58	43	30	98	115	47	57	64	95	61	47	117	70	89	71	64	73	89	161	71	58	97	62	88	485	112	295	70	61	139	144	23	184	154	121	79	61	52	108	84	268	62	39	121	135	57	45	144	123	61	215	72	71	75	104	129	669	129	31	117	275	229	288	356	113	256	195	546	333	610	398	479	98	435	494	573	603	288	409	221	511	209	1091	539	380	533	327	283	752	738	697	700	582	671	372	682	567	311	754	953	221	209	703	731	319	722	102	24	639	605	562	298	351	222	582	195	43	251	41	842	129	3	772	302	511	288	370	422	112	583	817	1309	845	638	120	64	1182	1063	508	891	1118	1045	288	312	680	628	300	630	432	31	526	598	472	307	563	306	976	569	327	238	643	657
RI	Rhode Island	0	0	0	0	0	0	0	0	0	0	0	0	0	0	0	0	0	0	0	0	0	0	0	0	0	0	0	0	0	0	0	0	0	0	0	0	0	0	0	1	1	0	0	0	0	1	0	0	0	2	0	9	8	0	1	2	10	11	10	12	17	23	18	8	33	38	36	55	114	80	78	79	66	95	116	160	147	221	277	0	622	316	0	586	0	278	648	314	215	384	410	341	415	443	430	310	269	219	320	374	341	327	188	175	281	272	325	249	210	285	176	164	221	181	203	215	240	121	156	405	215	165	216	113	0	145	143	141	141	184	109	63	121	107	106	116	0	0	201	49	65	106	85	0	0	146	71	49	56	68	0	0	122	74	73	34	21	0	0	103	49	40	88	50	0	0	0	163	50	39	69	0	0	175	101	52	71	82	0	0	111	82	76	86	76	0	0	291	210	75	150	72	0	0	224	144	91	130	127	0	0	196	119	76	111	95	0	0	237	120	103	76	151	0	0	280	70	82	135	94	0	0	266	53	76	65	100	0	0	0	349	84	106	123	0	0	225	120	108	130	132	0	0	312	112	133	134	0	0	0	243	132	192	166	162	0	0	343	177	180	269	249	0	0	0	666	204	274	253	0	0	656
SC	South Carolina	0	0	0	0	0	0	0	0	0	0	0	0	0	0	0	0	0	0	0	0	0	0	0	0	0	0	0	0	0	0	0	0	0	0	0	0	0	0	0	0	0	0	0	0	0	2	0	1	4	3	0	1	11	0	11	17	13	20	46	48	22	102	44	82	0	118	118	114	151	158	210	261	146	217	132	183	185	0	376	274	144	109	71	162	103	275	168	149	129	69	0	322	156	153	183	245	115	122	147	213	163	231	137	131	84	95	206	225	164	122	139	135	103	159	218	254	155	126	114	119	206	257	257	201	82	238	207	165	343	263	467	287	271	51	56	932	80	764	498	428	531	682	729	785	840	583	612	566	977	1075	1148	905	1005	906	1325	1125	1313	1604	1381	1324	1755	1520	1782	1831	1854	1461	1533	972	1557	1782	1728	2280	1949	1520	2221	1856	1838	1977	1552	2374	1459	1892	1705	1564	2001	1401	1191	1218	1692	1737	1726	1444	1583	1189	1163	1239	1282	1325	1422	1241	975	724	971	844	935	932	1041	615	456	719	739	909	1058	917	693	563	937	605	505	1353	1298	1075	668	854	657	1193	1629	964	663	655	301	305	379	2454	932	1886	816	790	652	1324	872	922	468	416	2665	897	1021	1195	1371	614	568	1179	308	381	862	1706	691	577	811	735	1050	921	945	785	649	828	926	1297	1147	961	776	619
SD	South Dakota	0	0	0	0	0	0	0	0	0	0	0	0	0	0	0	0	0	0	0	0	0	0	0	0	0	0	0	0	0	0	0	0	0	0	0	0	0	0	0	0	0	0	0	0	0	0	0	0	0	8	0	1	0	0	2	1	0	3	0	0	7	7	2	11	5	12	10	22	11	7	21	36	22	25	28	48	32	73	54	89	90	104	138	120	180	143	100	131	93	50	70	103	98	84	107	65	32	69	60	76	76	63	43	37	53	59	126	239	248	124	97	49	69	60	95	72	28	40	58	92	0	179	108	99	23	67	57	83	73	94	33	41	33	95	85	30	90	71	33	52	81	61	77	91	65	30	38	84	59	49	67	72	29	27	66	60	56	91	55	35	48	62	67	85	50	35	42	58	79	94	65	53	45	25	48	80	42	95	73	44	37	76	58	66	57	105	90	49	48	149	44	79	103	88	65	59	89	105	98	106	128	58	50	102	82	127	94	156	86	81	125	125	193	251	141	149	80	66	623	323	425	380	187	240	254	334	259	293	220	191	103	168	263	283	320	201	163	193	297	395	389	369	252	173	320	445	463	457	579	408	197	259	392	747	386	464	432	180	278	1030	535	774	732	617	361	414	876	797	793	806	658	567
TN	Tennessee	0	0	0	0	0	0	0	0	0	0	0	0	0	0	0	0	0	0	0	0	0	0	0	0	0	0	0	0	0	0	0	0	0	0	0	0	0	0	0	0	0	0	0	1	0	0	2	0	0	6	9	8	6	0	20	22	26	54	69	81	89	221	158	144	181	221	193	209	197	474	542	80	54	255	311	169	337	224	271	257	241	376	102	217	0	339	97	326	481	168	156	0	872	462	461	478	251	134	314	369	1156	770	516	394	119	248	158	345	327	217	559	567	259	329	261	303	96	652	401	0	549	433	391	326	424	360	390	394	384	503	0	0	1776	491	357	474	513	316	512	570	355	410	778	431	794	661	747	363	656	1247	429	656	451	750	932	799	1410	728	0	2125	1212	1806	1575	1822	1428	1176	723	1475	2472	1605	1955	1460	954	3314	1514	2273	2479	2279	2517	1779	1639	2190	2473	2570	2091	1718	3140	2553	2555	1778	2049	3088	2225	1443	1009	1805	1657	2252	2432	1803	2127	1202	1001	1478	2118	1947	1289	1961	1036	1026	2030	1375	1669	1239	1854	667	813	1936	1826	1636	1465	835	1818	1396	1502	1715	1051	1765	1764	983	645	852	1631	1622	1032	933	2450	957	1856	1053	2357	942	2075	895	739	1650	892	1764	1437	2104	737	879	1528	1293	971	1192	1615	2489	1676	2080	1992	1556	1646	2068	2965	1147	1709	2289	666	2646	2605	3317
TX	Texas	0	0	0	0	0	0	0	0	0	0	0	0	0	0	0	0	0	0	0	0	0	0	0	0	0	0	0	0	0	0	0	0	0	0	0	0	0	0	0	0	0	0	0	3	1	4	3	2	3	5	6	17	16	3	22	25	86	110	123	153	61	115	197	274	334	374	518	337	355	662	546	714	665	833	642	834	882	852	1431	897	918	654	598	731	901	969	973	855	556	491	913	657	1329	992	511	814	445	945	1012	1358	965	1225	1081	785	1129	1016	1108	1210	1148	864	1297	1113	1352	1460	1241	1731	944	781	1375	1307	1194	486	1237	1085	548	821	1312	1853	506	1993	1758	941	1717	1567	1678	1993	1922	938	1055	1745	2569	1881	2269	1988	1608	1688	3358	4130	3560	4135	4187	3363	4846	5142	5200	6426	5615	5721	4828	5984	6354	9308	6769	7662	7159	3463	8221	10384	8903	11612	9379	8495	8347	7016	9799	11315	14962	11914	9338	8151	8526	7288	12544	9422	7327	9922	3798	6252	8157	10502	9234	10064	6445	3407	8479	9408	10967	6921	7384	6328	5696	6253	8119	6277	6880	8816	6879	8842	5716	7702	5821	5259	5670	3717	4756	4227	6066	6320	3901	4805	7397	2819	3169	4982	4134	3567	5928	4465	2387	839	3386	5073	1641	5802	2682	4260	3863	7005	4054	4543	3213	3377	5067	21771	6585	1550	4453	3702	3243	4445	2442	6066	5755	3717	5570	5119	2769	4125	4250	5121	4064	4437	3724	2511	2684	5706	5920	4830	5921	4955	5564	2942
UT	Utah	0	0	0	0	0	0	0	0	0	0	0	0	0	0	0	0	0	0	0	0	0	0	0	0	0	0	0	0	0	0	0	0	0	0	0	0	0	0	0	0	0	0	0	0	0	1	0	0	1	1	0	6	1	8	10	11	8	15	33	23	44	95	41	42	56	76	130	118	78	90	0	198	162	180	173	77	61	109	8	247	104	96	60	54	131	135	110	124	152	144	84	148	167	170	166	175	113	109	152	175	156	157	190	142	132	146	129	195	184	148	111	70	188	129	164	155	170	146	134	192	164	183	203	132	129	99	86	215	343	269	264	202	203	295	316	439	546	268	256	237	305	388	325	404	332	295	329	407	495	586	643	394	444	394	484	590	676	578	472	564	553	499	554	596	676	410	517	564	722	601	867	632	629	546	448	413	954	727	760	785	409	486	566	521	863	661	350	436	446	339	502	500	506	473	354	378	421	587	460	376	376	263	362	338	334	552	345	331	242	263	364	461	463	369	301	249	403	407	383	391	458	448	253	296	419	504	513	433	388	373	326	314	346	656	572	628	563	562	747	911	1117	1077	920	622	650	877	1198	1411	1017	1068	827	694	906	1008	1107	1068	1393	1105	716	1007	1501	1343	1354	1200	988	987	1144	1498	1496	1340	1097	1168
VA	Virginia	0	0	0	0	0	0	0	0	0	0	0	0	0	0	0	0	0	0	0	0	0	0	0	0	0	0	0	0	0	0	0	0	0	0	0	0	0	0	0	0	0	0	0	0	0	0	2	0	6	1	3	15	10	0	12	18	12	24	20	34	63	34	39	103	70	141	133	150	130	229	234	223	306	395	233	238	457	310	397	467	568	197	473	435	318	389	602	562	489	448	640	636	732	596	772	604	568	801	623	885	1055	836	934	821	764	728	585	772	854	885	989	730	946	1067	859	1011	705	752	1005	763	1229	813	799	495	1483	1615	907	1152	1132	1078	996	791	841	666	951	676	865	1284	570	487	439	470	564	658	637	380	445	444	463	555	650	551	471	529	520	432	624	677	489	453	598	416	532	658	716	639	354	638	635	613	943	851	888	972	801	1084	904	1002	940	1057	945	996	1022	844	1127	1245	958	1505	922	999	911	984	913	981	1324	1145	798	818	2015	1307	897	663	996	776	1101	1216	912	937	734	861	737	860	978	1211	892	663	1003	822	1121	1009	1216	935	846	1018	925	1119	1101	943	1196	639	834	879	1231	1111	1297	874	751	935	841	1098	1238	941	849	627	862	575	898	937	973	734	443	901	747	444	954	1093	1059	680	623	506	1819	1102	1237	800	839	1199	789	1302	1172	1085	881	684
VI	Virgin Islands	0	0	0	0	0	0	0	0	0	0	0	0	0	0	0	0	0	0	0	0	0	0	0	0	0	0	0	0	0	0	0	0	0	0	0	0	0	0	0	0	0	0	0	0	0	0	0	0	0	0	0	0	0	0	1	1	0	1	0	3	0	1	10	0	0	2	3	1	7	0	0	0	7	3	2	1	0	2	0	5	1	0	0	0	0	0	0	2	0	0	0	1	0	0	1	2	0	0	0	9	0	0	0	0	0	0	0	2	0	1	0	0	0	0	0	0	0	0	0	0	0	0	0	0	0	0	0	0	0	0	0	1	0	0	1	0	0	0	0	0	1	0	0	0	0	0	0	1	0	0	0	3	0	0	0	4	1	0	0	0	0	9	2	6	13	0	1	4	6	22	9	14	14	25	0	37	6	14	20	0	21	0	16	16	16	0	0	12	11	10	0	21	15	0	18	24	18	20	21	6	0	19	29	63	43	22	30	7	19	36	32	41	63	28	20	4	14	32	22	23	43	11	5	9	1	6	0	17	14	9	1	6	4	0	10	9	1	11	0	6	19	0	12	0	9	12	0	6	21	0	1	0	0	8	0	1	0	0	0	1	2	0	1	0	0	3	0	1	0	6	0	0
VT	Vermont	0	0	0	0	0	0	0	0	0	0	0	0	0	0	0	0	0	0	0	0	0	0	0	0	0	0	0	0	0	0	0	0	0	0	0	0	0	0	0	0	0	0	0	0	0	0	1	0	0	0	1	0	3	0	7	0	1	9	7	20	3	23	20	30	33	26	27	24	21	37	28	17	51	72	51	31	32	30	23	51	32	16	21	4	7	15	5	24	10	3	2	5	2	2	16	8	4	7	0	4	13	7	11	5	5	1	8	3	2	6	0	1	2	3	1	1	6	0	4	0	6	2	2	2	6	5	4	3	1	2	4	2	5	2	36	1	19	17	12	9	11	15	9	6	2	1	3	0	5	9	3	12	4	1	20	7	7	2	2	6	0	2	17	9	2	11	2	3	2	16	5	6	13	5	4	13	7	9	4	12	10	6	0	11	8	11	4	2	3	1	1	7	7	5	1	4	5	9	3	6	5	3	10	6	6	17	8	6	12	3	3	4	4	12	4	9	6	5	9	3	16	11	8	11	2	0	5	5	1	3	3	2	5	7	9	7	12	6	0	3	1	4	5	4	2	1	2	7	8	3	3	4	3	3	13	10	7	32	4	6	11	8	11	11	8	10	3	14	12	11	11	9
WA	Washington	1	0	0	0	0	0	0	0	0	0	0	0	0	0	0	0	0	0	0	0	0	0	0	0	0	0	0	0	0	0	0	0	0	0	0	0	0	0	6	4	7	9	12	31	8	24	20	0	45	115	160	126	74	0	176	176	67	352	150	269	204	224	107	263	616	270	553	435	458	509	176	781	457	401	578	486	381	584	363	480	315	175	26	164	143	115	460	259	202	136	278	204	157	224	342	202	165	156	228	257	310	366	182	277	132	311	326	157	286	217	231	208	182	261	178	337	145	178	200	160	146	148	0	563	237	116	225	358	307	278	353	275	180	327	245	264	449	287	312	313	0	425	392	367	296	324	373	253	408	409	624	455	190	516	483	498	488	549	348	501	571	611	716	627	469	651	1087	435	521	640	637	0	1438	1101	547	742	1267	754	959	920	797	832	672	762	815	1025	786	686	884	780	818	0	1738	632	542	664	705	833	670	936	549	575	504	551	637	800	746	576	260	542	426	700	390	816	417	359	334	456	542	598	578	441	315	304	438	479	479	501	399	310	0	464	458	544	465	350	312	327	347	386	404	597	349	182	463	509	536	988	604	439	369	404	480	594	694	609	455	402	387	545	710	642	475	0	0	1740	734	676	709	777	530	460
WI	Wisconsin	0	0	0	0	0	0	0	0	0	0	0	0	0	0	0	0	0	0	0	0	0	0	0	0	0	0	0	0	0	0	0	0	0	0	0	0	0	0	0	0	0	0	0	0	0	0	0	0	3	1	4	11	8	1	20	25	38	48	60	63	99	44	56	140	107	198	129	109	66	182	144	192	264	18	290	129	129	132	176	182	145	128	87	127	166	154	178	146	147	153	126	220	207	304	331	225	169	208	231	334	460	346	304	272	330	335	314	375	349	280	199	193	291	373	410	502	356	144	198	528	472	511	481	400	307	279	599	512	733	523	173	140	374	483	492	357	322	264	203	270	285	333	320	272	240	174	266	258	420	278	385	280	249	263	432	464	520	539	457	315	601	540	539	579	738	522	484	495	598	754	845	926	769	494	964	821	900	880	978	830	703	1117	712	1052	1018	953	957	590	762	870	1059	832	1062	922	404	728	884	839	989	1165	621	507	724	478	943	1021	829	685	455	0	1297	740	826	950	453	392	638	768	878	843	819	537	266	981	545	727	1498	946	893	567	717	857	1547	1369	1353	1582	771	1348	1408	2034	2533	2283	1665	1271	1672	1762	2392	2504	2817	2217	1726	2367	2319	2887	2745	2892	1865	1696	2020	2319	3132	2988	2742	2676	1956	3279	3107	3747	3861	0	0	7705
WV	West Virginia	0	0	0	0	0	0	0	0	0	0	0	0	0	0	0	0	0	0	0	0	0	0	0	0	0	0	0	0	0	0	0	0	0	0	0	0	0	0	0	0	0	0	0	0	0	0	0	0	0	0	0	0	0	0	0	0	1	1	6	4	4	0	6	17	13	24	20	17	32	17	29	25	21	45	42	21	67	71	31	60	3	16	18	29	62	26	47	10	105	12	6	31	42	29	0	45	8	32	15	15	27	33	10	29	22	0	45	36	0	37	6	12	20	29	20	23	22	10	0	65	26	112	0	54	15	0	125	36	16	38	21	18	28	21	25	17	17	8	17	8	25	23	32	25	16	32	19	35	42	50	32	33	19	41	38	63	36	52	50	38	35	74	74	73	79	57	180	63	202	119	157	163	98	69	94	150	100	126	111	96	94	88	40	240	201	122	114	110	121	157	98	204	159	120	120	81	103	116	174	111	132	62	122	139	145	114	185	105	74	97	69	180	90	108	88	42	84	145	89	193	144	139	140	264	145	197	187	251	125	157	87	152	202	161	351	177	125	156	216	232	251	204	173	119	213	121	204	243	205	184	165	177	157	176	281	174	154	114	193	208	183	374	220	205	149	276	266	261	502	219	276	212
WY	Wyoming	0	0	0	0	0	0	0	0	0	0	0	0	0	0	0	0	0	0	0	0	0	0	0	0	0	0	0	0	0	0	0	0	0	0	0	0	0	0	0	0	0	0	0	0	0	0	0	0	0	0	1	0	1	0	0	9	5	2	3	2	3	0	3	15	9	17	12	4	8	15	21	20	12	25	10	13	6	5	9	9	22	9	5	7	5	9	9	4	4	4	126	4	6	20	18	11	18	16	9	14	7	13	7	10	8	27	4	9	9	9	7	6	13	13	15	25	13	12	10	11	14	2	10	25	5	7	10	16	15	7	5	7	2	3	6	12	6	8	13	10	10	29	18	23	10	19	10	25	30	29	6	18	33	24	28	44	42	24	25	33	37	27	36	32	24	28	41	34	31	29	21	49	23	41	47	35	41	43	39	18	61	51	50	59	58	41	29	45	69	39	58	40	43	39	40	36	39	30	47	15	35	0	31	13	33	64	44	59	45	29	71	26	67	19	35	25	29	48	53	70	0	34	21	24	37	30	49	0	42	0	73	47	47	65	33	49	48	46	126	86	95	34	91	72	72	153	136	115	45	168	121	67	127	135	131	151	139	125	141	129	193	243	120	156	191	162	213	198	290	151	209	286
